"metric","lag_days","n_pairs","dcf","dcf_sd","dcf_se"
"ace",-63,2,0.926154430755499,0.513407526419307,0.363033943443304
"ace",-62,1,0.0774509445487445,NA,NA
"ace",-59,1,-0.260363568359939,NA,NA
"ace",-57,1,0.360853884458487,NA,NA
"ace",-56,3,-0.179031336888342,1.10470505961894,0.637801763546139
"ace",-55,3,0.342762079442179,0.201756331153916,0.116484072102425
"ace",-54,4,0.776614667293557,1.28578728154967,0.642893640774835
"ace",-50,2,0.137603862745252,0.0679561293547687,0.0480522398899472
"ace",-49,3,-1.67940585928369,2.11976679613635,1.22384793036855
"ace",-43,1,-0.583116593185131,NA,NA
"ace",-42,6,0.412811090369576,1.55831313720773,0.636178674272436
"ace",-41,1,0.446451641979529,NA,NA
"ace",-36,2,0.213651614741007,0.452390258839145,0.319888219767897
"ace",-35,2,-0.26120232040443,0.0676596777919319,0.0478426169795719
"ace",-33,2,-1.16197573855353,2.35498816476769,1.66522810092129
"ace",-31,1,1.57810474920442,NA,NA
"ace",-30,2,-0.167124059822871,0.195950413721668,0.138557866318901
"ace",-29,4,0.133454348818432,0.158245758094633,0.0791228790473164
"ace",-28,5,0.652832791888755,1.46108003438781,0.653414855491774
"ace",-26,1,-0.0432048538445268,NA,NA
"ace",-25,2,0.539002263985743,1.06391475208236,0.752301335801839
"ace",-23,1,0.280644483241027,NA,NA
"ace",-22,1,0.0080081782024833,NA,NA
"ace",-21,2,1.98418905660902,2.11195350685407,1.49337664624722
"ace",-20,1,0.867696163498703,NA,NA
"ace",-15,1,0.908260216332168,NA,NA
"ace",-14,3,-0.234992880861904,0.317584606867262,0.183357558265295
"ace",0,32,0.110440246572416,1.09837752976686,0.194167549900269
"chao1",-63,2,1.1937996533036,0.121689138232897,0.0860472148412289
"chao1",-62,1,0.0894751776020068,NA,NA
"chao1",-59,1,-0.362087432032347,NA,NA
"chao1",-57,1,0.338997252387145,NA,NA
"chao1",-56,3,-0.0333272877487182,1.03659524072816,0.598478541275088
"chao1",-55,3,0.289161101327915,0.108407401002814,0.0625890421511223
"chao1",-54,4,1.01145221948743,1.76046584206703,0.880232921033515
"chao1",-50,2,0.154228331891575,0.0892952460787018,0.0631412740299715
"chao1",-49,3,-1.53973412400818,2.00789297828998,1.15925755151968
"chao1",-43,1,-0.665059854278773,NA,NA
"chao1",-42,6,0.355094769074568,1.30956511847257,0.534627720867535
"chao1",-41,1,0.406687166208556,NA,NA
"chao1",-36,2,0.38297473519926,0.850358024319773,0.601293925432907
"chao1",-35,2,-0.416603784861766,0.404162731703143,0.285786208290171
"chao1",-33,2,-1.09315666059173,2.21547074223404,1.56657438535408
"chao1",-31,1,0.570246100011427,NA,NA
"chao1",-30,2,-0.221906764370657,0.243646232102884,0.172283902930501
"chao1",-29,4,0.172457827532424,0.191377573003802,0.0956887865019008
"chao1",-28,5,0.505791749707043,1.27013959208651,0.568023693763856
"chao1",-26,1,-0.0552812318661375,NA,NA
"chao1",-25,2,0.400467061971364,0.866155476140032,0.61246441074048
"chao1",-23,1,0.12471271861356,NA,NA
"chao1",-22,1,-0.28833565141548,NA,NA
"chao1",-21,2,2.22131846936229,1.86092531602732,1.31587291024464
"chao1",-20,1,0.618400803448623,NA,NA
"chao1",-15,1,1.01625439282429,NA,NA
"chao1",-14,3,-0.144930339582527,0.344663071604185,0.1989913171704
"chao1",0,32,0.0981459869329987,1.34143315942754,0.237134120884927
"hill",-63,2,1.12219787942724,0.545965103082799,0.38605562668106
"hill",-62,1,0.776892053357399,NA,NA
"hill",-59,1,-0.236247760284601,NA,NA
"hill",-57,1,0.210692635062034,NA,NA
"hill",-56,3,-0.774218368251253,0.526367413299494,0.30389836776111
"hill",-55,3,0.15444953985024,0.00879201407282278,0.00507607169166321
"hill",-54,4,0.21943828454831,0.540939422245166,0.270469711122583
"hill",-50,2,0.0252990083375909,0.0367299017202885,0.0259719625787315
"hill",-49,3,0.21210789861574,0.235254303554427,0.135824135485166
"hill",-43,1,0.696165427774125,NA,NA
"hill",-42,6,-0.0472321263061125,0.732097554789688,0.298877575195664
"hill",-41,1,-0.197750882294768,NA,NA
"hill",-36,2,-0.393337366645769,0.23032697211149,0.1628657638702
"hill",-35,2,-0.313409098607947,0.128115784299123,0.0905915398549432
"hill",-33,2,1.38129427355378,0.879553065467522,0.6219379370055
"hill",-31,1,1.27351647757342,NA,NA
"hill",-30,2,-0.0276816904604257,0.280891514192274,0.198620294463115
"hill",-29,4,-0.213425043405582,0.427497025163965,0.213748512581983
"hill",-28,5,0.343748658323727,0.561308932709064,0.251024985983065
"hill",-26,1,-0.00650211996256652,NA,NA
"hill",-25,2,0.431114861215652,0.469933085212272,0.332292871257513
"hill",-23,1,0.176231679862163,NA,NA
"hill",-22,1,-0.537795618845127,NA,NA
"hill",-21,2,-0.119073827056607,0.131438335593079,0.0929409384057396
"hill",-20,1,0.248859442558124,NA,NA
"hill",-15,1,-0.322626462866502,NA,NA
"hill",-14,3,-0.380990427569854,0.224794114261125,0.129784942380904
"hill",0,32,0.0329470986256279,0.64067234165618,0.113255939325937
"observed",-63,2,2.41719531912019,0.785927117360199,0.555734394203792
"observed",-62,1,0.332756378716878,NA,NA
"observed",-59,1,-0.376380021884428,NA,NA
"observed",-57,1,0.551182685741216,NA,NA
"observed",-56,3,-0.480422546331566,0.666969146284855,0.385074816148736
"observed",-55,3,0.309827246793349,0.328082471959064,0.189418503501963
"observed",-54,4,0.904800412469554,1.75079077362779,0.875395386813896
"observed",-50,2,0.267065755307702,0.337543916582936,0.23867959236406
"observed",-49,3,-0.883451152863239,1.57505199624447,0.909356694019402
"observed",-43,1,0.0641344503864408,NA,NA
"observed",-42,6,0.267243826312045,1.35295906091212,0.552343223684968
"observed",-41,1,0.39864478172875,NA,NA
"observed",-36,2,-0.0242996779736432,0.505722465430741,0.357599784704456
"observed",-35,2,-0.573418372429452,0.63380239860408,0.448165973985244
"observed",-33,2,-0.108773820739174,1.5053950641262,1.0644750582084
"observed",-31,1,2.18199036618797,NA,NA
"observed",-30,2,-0.0944035498680587,0.245718329855264,0.17374909730249
"observed",-29,4,0.027090181146536,0.275003434810264,0.137501717405132
"observed",-28,5,0.571341218347285,1.25227175693952,0.560032954963972
"observed",-26,1,0.00400791098149604,NA,NA
"observed",-25,2,0.080747465525175,0.383765394223334,0.271363112640049
"observed",-23,1,0.315134940285048,NA,NA
"observed",-22,1,-0.270802521124978,NA,NA
"observed",-21,2,0.704465358268375,0.562654616773677,0.397856894986585
"observed",-20,1,1.03332801885698,NA,NA
"observed",-15,1,0.232250685619271,NA,NA
"observed",-14,3,-0.515227575040012,0.586935263226131,0.338867232220491
"observed",0,32,0.150527902369133,1.18430016501452,0.209356669410528
"coverage",-63,2,2.25266006813436,0.936636468126139,0.66230199811861
"coverage",-62,1,0.325855126301768,NA,NA
"coverage",-59,1,-0.401268808843555,NA,NA
"coverage",-57,1,0.451798902878839,NA,NA
"coverage",-56,3,-0.652051293040681,0.664957559135214,0.383913425766392
"coverage",-55,3,0.330309563053213,0.32840568762528,0.18960511215386
"coverage",-54,4,0.534751066798494,1.06722996460894,0.533614982304471
"coverage",-50,2,0.144312262859512,0.179940023229187,0.127236810632223
"coverage",-49,3,-0.756945162629814,1.44735406610489,0.835630259678357
"coverage",-43,1,0.116226022492579,NA,NA
"coverage",-42,6,0.20975033624716,1.519758857662,0.620438955557827
"coverage",-41,1,0.326022047222046,NA,NA
"coverage",-36,2,0.0162924463208677,0.614332401918221,0.434398607298994
"coverage",-35,2,-0.5145090845041,0.506701250319291,0.358291890136473
"coverage",-33,2,0.149560284604879,1.35640365352641,0.959122221434734
"coverage",-31,1,2.49327466850577,NA,NA
"coverage",-30,2,-0.0986401578238229,0.342965843515101,0.242513473664893
"coverage",-29,4,0.0135816600269699,0.275807834265207,0.137903917132603
"coverage",-28,5,0.613694718904565,1.34484405649059,0.601432545889905
"coverage",-26,1,0.00592681355904338,NA,NA
"coverage",-25,2,0.0874497602719938,0.362163604996799,0.256088340992203
"coverage",-23,1,0.369432059887821,NA,NA
"coverage",-22,1,-0.460787238021387,NA,NA
"coverage",-21,2,0.538845436902968,0.175711842997635,0.124247035718413
"coverage",-20,1,1.0558259727138,NA,NA
"coverage",-15,1,0.0532312268054954,NA,NA
"coverage",-14,3,-0.576681265648942,0.50879168414771,0.293751015804123
"coverage",0,32,0.0781685506454595,0.900119736638056,0.159120192414155
"fisher",-63,2,1.86383720498493,0.672817085393126,0.475753523579648
"fisher",-62,1,0.275516218230083,NA,NA
"fisher",-59,1,-0.338317639958732,NA,NA
"fisher",-57,1,0.455345007920313,NA,NA
"fisher",-56,3,-0.579601836795834,0.606279053460317,0.350035374719345
"fisher",-55,3,0.331644442672356,0.316311450326135,0.182622500993555
"fisher",-54,4,0.68693914915218,1.30675277220125,0.653376386100627
"fisher",-50,2,0.170196458766722,0.193712111781588,0.136975147838727
"fisher",-49,3,-0.865270286397599,1.38255572206059,0.798218918301342
"fisher",-43,1,-0.16304152578252,NA,NA
"fisher",-42,6,0.338741478618206,1.59307622621559,0.650370645931137
"fisher",-41,1,0.302177107127843,NA,NA
"fisher",-36,2,-0.0652232298379874,0.431880918774074,0.305385926330224
"fisher",-35,2,-0.480479781429229,0.397834429996912,0.281311423240301
"fisher",-33,2,-0.00459812169549634,1.59397975016741,1.12711389041741
"fisher",-31,1,2.13781073634997,NA,NA
"fisher",-30,2,-0.0970352791633802,0.293657241720314,0.207647026964971
"fisher",-29,4,0.0515262914578819,0.232824500039549,0.116412250019775
"fisher",-28,5,0.673371593186568,1.48156447978964,0.66257577797175
"fisher",-26,1,-0.00762567106288963,NA,NA
"fisher",-25,2,0.179434829245804,0.479218006544309,0.33885830209418
"fisher",-23,1,0.285580601684974,NA,NA
"fisher",-22,1,-0.302177250206759,NA,NA
"fisher",-21,2,0.755507864898728,0.756007594549762,0.534578096734667
"fisher",-20,1,1.04668235706206,NA,NA
"fisher",-15,1,0.0888522935089375,NA,NA
"fisher",-14,3,-0.452234039287772,0.420770987163204,0.242932242705861
"fisher",0,32,0.123284829642532,0.956328027378236,0.169056508299476
"gini_simpson",-63,2,2.61285426454342,0.939643411374596,0.664428228080237
"gini_simpson",-62,1,0.629839246165091,NA,NA
"gini_simpson",-59,1,-0.469967925949034,NA,NA
"gini_simpson",-57,1,0.608729959903693,NA,NA
"gini_simpson",-56,3,-0.617035657971507,0.59839821411368,0.345485370001125
"gini_simpson",-55,3,0.29313886686296,0.308207457958712,0.177943658818712
"gini_simpson",-54,4,0.882546118259884,1.68633635680997,0.843168178404984
"gini_simpson",-50,2,0.449741382033076,0.731587234665431,0.51731029466144
"gini_simpson",-49,3,-0.195314788778332,1.46342457889413,0.844908574563243
"gini_simpson",-43,1,1.10214276795315,NA,NA
"gini_simpson",-42,6,-0.11482897032397,0.792357148253177,0.323478451211181
"gini_simpson",-41,1,0.353719502827823,NA,NA
"gini_simpson",-36,2,-0.211724678515465,0.548173686064787,0.387617330684436
"gini_simpson",-35,2,-0.521627629807463,0.774541930668313,0.547683851488885
"gini_simpson",-33,2,0.150326265455602,0.699649934783745,0.494727213342312
"gini_simpson",-31,1,2.19578826474726,NA,NA
"gini_simpson",-30,2,-0.0402441920562983,0.332171668375172,0.234880839226133
"gini_simpson",-29,4,-0.152529077498829,0.500668687769607,0.250334343884804
"gini_simpson",-28,5,0.314012551930739,0.647892829328183,0.289746481702497
"gini_simpson",-26,1,0.0534420738546697,NA,NA
"gini_simpson",-25,2,0.123517701876061,0.230985604088825,0.163331487007679
"gini_simpson",-23,1,0.390423582434641,NA,NA
"gini_simpson",-22,1,-0.427424628429371,NA,NA
"gini_simpson",-21,2,-1.23105130567915,1.96979862016103,1.39285796188777
"gini_simpson",-20,1,0.969951726737164,NA,NA
"gini_simpson",-15,1,-0.115987057094899,NA,NA
"gini_simpson",-14,3,-0.63587042464505,0.582042865847712,0.336042605277078
"gini_simpson",0,32,0.173960970415192,1.16059801683643,0.205166681984174
"inverse_simpson",-63,2,0.907085741249063,0.438317468822375,0.309937254516824
"inverse_simpson",-62,1,1.086795980493,NA,NA
"inverse_simpson",-59,1,-0.19187508111397,NA,NA
"inverse_simpson",-57,1,0.17032528683846,NA,NA
"inverse_simpson",-56,3,-0.71316818931654,0.549651982485957,0.317341720048879
"inverse_simpson",-55,3,0.0606605616110715,0.114514315949773,0.0661148711396675
"inverse_simpson",-54,4,0.17767029430092,0.447975217923162,0.223987608961581
"inverse_simpson",-50,2,-0.0659053146165525,0.10100024878951,0.0714179608205911
"inverse_simpson",-49,3,0.288930770400478,0.413224922227464,0.238575520083889
"inverse_simpson",-43,1,1.19109738117328,NA,NA
"inverse_simpson",-42,6,-0.207358845467356,0.262747526531634,0.107266228530148
"inverse_simpson",-41,1,-0.249962480102092,NA,NA
"inverse_simpson",-36,2,-0.35735193262229,0.142309710132928,0.100628161063685
"inverse_simpson",-35,2,-0.265058894507155,0.0886158602205594,0.0626608756826368
"inverse_simpson",-33,2,1.342135275024,0.882612818405926,0.624101509057001
"inverse_simpson",-31,1,1.03264059805392,NA,NA
"inverse_simpson",-30,2,-0.0212363580656109,0.23127882395654,0.163538824764519
"inverse_simpson",-29,4,-0.360544173119185,0.567429787505368,0.283714893752684
"inverse_simpson",-28,5,0.0891406125151252,0.225848330641875,0.101002443984016
"inverse_simpson",-26,1,-0.00743340266802845,NA,NA
"inverse_simpson",-25,2,0.388281167595401,0.401251052907576,0.283727340469189
"inverse_simpson",-23,1,0.14184149848486,NA,NA
"inverse_simpson",-22,1,-0.449471653726269,NA,NA
"inverse_simpson",-21,2,-0.0110457651831959,0.318366086852978,0.225118818913566
"inverse_simpson",-20,1,-0.108043527880379,NA,NA
"inverse_simpson",-15,1,-0.28361320429022,NA,NA
"inverse_simpson",-14,3,-0.31549053971444,0.182145482932157,0.105161743602555
"inverse_simpson",0,32,0.00544686808964589,0.637003970434928,0.112607456784323
"shannon",-63,2,2.35876921117417,0.864271065265206,0.611131931032348
"shannon",-62,1,0.730533464805027,NA,NA
"shannon",-59,1,-0.439239413808195,NA,NA
"shannon",-57,1,0.554098664896576,NA,NA
"shannon",-56,3,-0.689521441810303,0.574068376443988,0.331438531673188
"shannon",-55,3,0.317788448813221,0.282407807435236,0.163048223643985
"shannon",-54,4,0.785315526197346,1.51136317111792,0.755681585558962
"shannon",-50,2,0.389885950034053,0.620039108058033,0.438433857908694
"shannon",-49,3,-0.162442210888526,1.27295206070475,0.734939214913376
"shannon",-43,1,1.04903592670052,NA,NA
"shannon",-42,6,-0.0867313597294182,0.907845458203399,0.37062635631692
"shannon",-41,1,0.250317264322874,NA,NA
"shannon",-36,2,-0.250521051532188,0.555636934453047,0.392894644229454
"shannon",-35,2,-0.516020507926999,0.626633122227975,0.4430965300435
"shannon",-33,2,0.343241316112067,0.847700929353367,0.599415075563904
"shannon",-31,1,2.19740315884804,NA,NA
"shannon",-30,2,-0.0557408941704358,0.37152244449874,0.262706039868062
"shannon",-29,4,-0.180807912204064,0.514168037846295,0.257084018923148
"shannon",-28,5,0.374935062397946,0.701176861226508,0.313575825190482
"shannon",-26,1,0.0335393064970755,NA,NA
"shannon",-25,2,0.256100588542904,0.396115622686863,0.280096042935813
"shannon",-23,1,0.363458515259101,NA,NA
"shannon",-22,1,-0.476496718292104,NA,NA
"shannon",-21,2,-0.877146544689305,1.42569477789189,1.00811844534961
"shannon",-20,1,0.964792592449884,NA,NA
"shannon",-15,1,-0.127855239905709,NA,NA
"shannon",-14,3,-0.614503792168282,0.493876104112669,0.285139501655773
"shannon",0,32,0.164434951683399,1.07421220706565,0.189895684012373
"log_modulo_skewness",-63,2,-0.416441165927798,0.265301152125834,0.187596243724781
"log_modulo_skewness",-62,1,0.00225052613171853,NA,NA
"log_modulo_skewness",-59,1,0.0476102524084383,NA,NA
"log_modulo_skewness",-57,1,0.0343839282644827,NA,NA
"log_modulo_skewness",-56,3,0.144469159213725,0.231034708261483,0.133387951006914
"log_modulo_skewness",-55,3,0.0927358537733022,0.196074656115572,0.113203755489589
"log_modulo_skewness",-54,4,2.0272250078027,3.98281938047833,1.99140969023916
"log_modulo_skewness",-50,2,0.234215026565478,0.272461103711398,0.192659094043901
"log_modulo_skewness",-49,3,-0.313919540060221,0.699086799215797,0.403617951714154
"log_modulo_skewness",-43,1,-1.93788423005923,NA,NA
"log_modulo_skewness",-42,6,0.237496758368331,0.18490224586308,0.0754860257765312
"log_modulo_skewness",-41,1,0.308289313694763,NA,NA
"log_modulo_skewness",-36,2,0.0677208015512024,0.311490635070134,0.220257140334196
"log_modulo_skewness",-35,2,0.143517062524621,0.0253500262268977,0.0179251754482962
"log_modulo_skewness",-33,2,-0.303801572772785,0.681654659085137,0.482002631866505
"log_modulo_skewness",-31,1,-0.62258084247157,NA,NA
"log_modulo_skewness",-30,2,-0.118166987253746,0.0187600451813316,0.0132653551630856
"log_modulo_skewness",-29,4,0.306344120681952,0.455216243677954,0.227608121838977
"log_modulo_skewness",-28,5,0.124478695240614,0.286226862624958,0.12800454436318
"log_modulo_skewness",-26,1,0.0131237698009504,NA,NA
"log_modulo_skewness",-25,2,-0.313245342428192,0.283017267177623,0.200123428814182
"log_modulo_skewness",-23,1,-0.0738211560331379,NA,NA
"log_modulo_skewness",-22,1,0.332548640914877,NA,NA
"log_modulo_skewness",-21,2,0.939330426226578,0.953766269465539,0.674414596806078
"log_modulo_skewness",-20,1,0.440999949593973,NA,NA
"log_modulo_skewness",-15,1,0.269553201275234,NA,NA
"log_modulo_skewness",-14,3,0.192217617795472,0.110919078634962,0.0640391599081608
"log_modulo_skewness",0,32,0.433535877581134,2.24855853697574,0.397492747347611
"camargo",-63,2,-1.91584975551533,0.851425286732925,0.602048593922552
"camargo",-62,1,-0.508946983999625,NA,NA
"camargo",-59,1,0.343208885541655,NA,NA
"camargo",-57,1,-0.395392111623784,NA,NA
"camargo",-56,3,0.762049303629233,0.491053087559085,0.283509632288635
"camargo",-55,3,-0.232129749470688,0.182990716578055,0.105649739475543
"camargo",-54,4,-0.513511210935263,0.953915562094316,0.476957781047158
"camargo",-50,2,-0.224267860690675,0.332392181702946,0.235036765695544
"camargo",-49,3,0.23915462064641,0.920589336375804,0.531502501169669
"camargo",-43,1,-0.346636601925933,NA,NA
"camargo",-42,6,-0.0208350567915813,1.23727789380409,0.505116584974248
"camargo",-41,1,-0.166961086652671,NA,NA
"camargo",-36,2,0.418242988912316,0.354807620758073,0.250886874654698
"camargo",-35,2,0.471734593152948,0.352548991216358,0.249289782389563
"camargo",-33,2,-0.661301040364744,1.21790677541673,0.86119013975021
"camargo",-31,1,-2.07465264042266,NA,NA
"camargo",-30,2,0.052873806047753,0.355282069308542,0.251222360442059
"camargo",-29,4,0.0731129883211514,0.339291946439094,0.169645973219547
"camargo",-28,5,-0.564340704301465,0.981681318585979,0.439021232119975
"camargo",-26,1,-0.0402297407015628,NA,NA
"camargo",-25,2,-0.169545239532727,0.243067363891128,0.171874581292554
"camargo",-23,1,-0.273931117836145,NA,NA
"camargo",-22,1,0.762676595842996,NA,NA
"camargo",-21,2,0.286071771493188,0.186843099073927,0.132118022373083
"camargo",-20,1,-0.648160675281466,NA,NA
"camargo",-15,1,0.17748609521091,NA,NA
"camargo",-14,3,0.565282586387526,0.388570530899807,0.224341300614159
"camargo",0,32,-0.0884112699557506,0.80750992846896,0.142748936573966
"pielou",-63,2,2.41023053770756,0.868755560048304,0.614302947703673
"pielou",-62,1,0.732924371903858,NA,NA
"pielou",-59,1,-0.445755808306944,NA,NA
"pielou",-57,1,0.555915796715873,NA,NA
"pielou",-56,3,-0.664248637581917,0.551137573210914,0.318199426253839
"pielou",-55,3,0.292204608127929,0.256228543190263,0.147933618384964
"pielou",-54,4,0.823422480349896,1.54895878779967,0.774479393899837
"pielou",-50,2,0.370315865300533,0.610280624707414,0.431533568157375
"pielou",-49,3,-0.0813752408267255,1.32279854473481,0.76371809588629
"pielou",-43,1,1.19332989942751,NA,NA
"pielou",-42,6,-0.124356328348249,0.806685848266067,0.329328118496013
"pielou",-41,1,0.247775669115034,NA,NA
"pielou",-36,2,-0.264368416845207,0.531105222710591,0.37554810450225
"pielou",-35,2,-0.513537734856707,0.667623923633248,0.472081403683439
"pielou",-33,2,0.243740973107663,0.883223200639954,0.624533114473798
"pielou",-31,1,2.07545742675437,NA,NA
"pielou",-30,2,-0.0460913749067119,0.360543424693852,0.254942700513244
"pielou",-29,4,-0.196603036263286,0.533672823200415,0.266836411600208
"pielou",-28,5,0.317297962067744,0.608225369399056,0.272006654323242
"pielou",-26,1,0.0380929585380239,NA,NA
"pielou",-25,2,0.237076681163973,0.357039407455131,0.25246498616235
"pielou",-23,1,0.376057204904319,NA,NA
"pielou",-22,1,-0.477935103015787,NA,NA
"pielou",-21,2,-1.13749805494117,1.75330541628271,1.23977414934461
"pielou",-20,1,0.879934953803322,NA,NA
"pielou",-15,1,-0.139230484232253,NA,NA
"pielou",-14,3,-0.61806384194777,0.509718288943899,0.294285991332636
"pielou",0,32,0.157191716821894,1.09428714025973,0.193444464360722
"simpson_evenness",-63,2,0.909300842681614,0.518214368070125,0.366432893770687
"simpson_evenness",-62,1,1.12460154886354,NA,NA
"simpson_evenness",-59,1,-0.200669174941075,NA,NA
"simpson_evenness",-57,1,0.144827864324593,NA,NA
"simpson_evenness",-56,3,-0.668379786922236,0.401222882814622,0.23164613939806
"simpson_evenness",-55,3,0.0303304061074674,0.188902513379326,0.109062916950151
"simpson_evenness",-54,4,-0.0293156264319034,0.20967642587591,0.104838212937955
"simpson_evenness",-50,2,-0.0973078199072499,0.118460661579805,0.0837643371069249
"simpson_evenness",-49,3,0.485489188015806,0.546438788159,0.315486581439252
"simpson_evenness",-43,1,2.00217717581936,NA,NA
"simpson_evenness",-42,6,-0.289645800067631,0.216585384048069,0.0884206127770834
"simpson_evenness",-41,1,-0.322531125696762,NA,NA
"simpson_evenness",-36,2,-0.412154696075757,0.119343469405023,0.0843885765066207
"simpson_evenness",-35,2,-0.257733120129032,0.056847235103587,0.0401970654334523
"simpson_evenness",-33,2,1.30368261178853,0.501326640390963,0.35449146700992
"simpson_evenness",-31,1,1.02055560314293,NA,NA
"simpson_evenness",-30,2,-0.0125496959600842,0.255133655700192,0.18040673805452
"simpson_evenness",-29,4,-0.474768007186184,0.652889177705186,0.326444588852593
"simpson_evenness",-28,5,0.0380500099265574,0.299732033121739,0.134044240218886
"simpson_evenness",-26,1,-0.00250143920278553,NA,NA
"simpson_evenness",-25,2,0.455195268312431,0.447868015932615,0.316690511142517
"simpson_evenness",-23,1,0.142865889251583,NA,NA
"simpson_evenness",-22,1,-0.524957605977322,NA,NA
"simpson_evenness",-21,2,-0.413726430354827,0.158687173433738,0.112208776422322
"simpson_evenness",-20,1,-0.283299126629359,NA,NA
"simpson_evenness",-15,1,-0.364911114084124,NA,NA
"simpson_evenness",-14,3,-0.341697408707535,0.200271975116986,0.11562707874493
"simpson_evenness",0,32,-0.0342426209490889,0.620728045603739,0.109730252579769
"evar",-63,2,-1.38793714574114,0.199598604159944,0.141137526516866
"evar",-62,1,-0.749293039697966,NA,NA
"evar",-59,1,0.433956156224733,NA,NA
"evar",-57,1,-0.117771845798238,NA,NA
"evar",-56,3,0.471103343262653,0.300391101517073,0.17343088332305
"evar",-55,3,-0.0795367283367461,0.049734839873872,0.0287144231892829
"evar",-54,4,0.742968952523098,1.535945340138,0.767972670068999
"evar",-50,2,-0.312794867165951,0.652705707083233,0.461532631597715
"evar",-49,3,-0.933148785832623,0.874603647643883,0.504952651401425
"evar",-43,1,-1.87866792660444,NA,NA
"evar",-42,6,0.473686629306242,0.490422282022633,0.200214058241126
"evar",-41,1,0.127062531597945,NA,NA
"evar",-36,2,0.431425642308097,0.0862330197560799,0.0609759530317176
"evar",-35,2,0.237507278589316,0.631794429362967,0.446746125318439
"evar",-33,2,-0.805726123303323,0.880641953608269,0.622707897193776
"evar",-31,1,0.285286761866363,NA,NA
"evar",-30,2,-0.105670156546792,0.418443019770661,0.295883896820011
"evar",-29,4,0.34873818949484,0.587417794330168,0.293708897165084
"evar",-28,5,0.140453569929347,0.683872493018883,0.305837076466495
"evar",-26,1,-0.0354575606529853,NA,NA
"evar",-25,2,-0.373010547633103,0.0950692609770899,0.0672241191192939
"evar",-23,1,-0.217424151133502,NA,NA
"evar",-22,1,0.339208582007877,NA,NA
"evar",-21,2,3.05836455804966,3.84324069760577,2.71758155900916
"evar",-20,1,-0.0406256836351578,NA,NA
"evar",-15,1,0.600059682715561,NA,NA
"evar",-14,3,0.444538807805648,0.248468086247744,0.143453116480166
"evar",0,32,0.0784557546905736,1.09606568202018,0.193758869095583
"bulla",-63,2,2.43963740257902,0.826918633292965,0.584719773090968
"bulla",-62,1,0.587541159921407,NA,NA
"bulla",-59,1,-0.447431192017169,NA,NA
"bulla",-57,1,0.579818680845867,NA,NA
"bulla",-56,3,-0.671000216117998,0.606210811617213,0.34999597527286
"bulla",-55,3,0.31188890237738,0.318678158474568,0.183988920580146
"bulla",-54,4,0.823826272091906,1.64991836525668,0.824959182628341
"bulla",-50,2,0.371464414341234,0.588667091754414,0.416250492440909
"bulla",-49,3,-0.20835217871076,1.44092982817114,0.83192122417797
"bulla",-43,1,0.721857780879756,NA,NA
"bulla",-42,6,-0.0187682853238772,1.00270109890016,0.409351009472226
"bulla",-41,1,0.298832574728493,NA,NA
"bulla",-36,2,-0.161828256832486,0.524562004220279,0.370921350336965
"bulla",-35,2,-0.533231854977985,0.685556258990212,0.48476147961686
"bulla",-33,2,0.339508001807598,0.850861859508893,0.601650190711734
"bulla",-31,1,2.35494734230908,NA,NA
"bulla",-30,2,-0.0563763861956463,0.35728744523322,0.252640375357227
"bulla",-29,4,-0.101927210104123,0.437374163835773,0.218687081917887
"bulla",-28,5,0.390703371512612,0.828415022002335,0.370478460555841
"bulla",-26,1,0.0319318150369485,NA,NA
"bulla",-25,2,0.112357188393426,0.282498922859556,0.199756904031888
"bulla",-23,1,0.389419938106772,NA,NA
"bulla",-22,1,-0.504005536746329,NA,NA
"bulla",-21,2,-0.773416614238583,1.36579785320006,0.965764923727789
"bulla",-20,1,1.01366912816078,NA,NA
"bulla",-15,1,-0.0729773408525588,NA,NA
"bulla",-14,3,-0.584265119642547,0.541451247086804,0.312607023258625
"bulla",0,32,0.178586422213518,1.13077435992097,0.199894554472999
"absolute",-63,2,-2.26307301963749,0.902701760105375,0.638306535959543
"absolute",-62,1,-0.83519316977204,NA,NA
"absolute",-59,1,0.43129982064452,NA,NA
"absolute",-57,1,-0.509181982786586,NA,NA
"absolute",-56,3,0.682689621619088,0.474615620918576,0.274019456498941
"absolute",-55,3,-0.276015422265204,0.210924762260579,0.121777468269903
"absolute",-54,4,-0.694940150116378,1.32889764200204,0.664448821001021
"absolute",-50,2,-0.40188170590151,0.650793423217948,0.460180442709017
"absolute",-49,3,-0.103403520276346,1.04884529565616,0.605551113785354
"absolute",-43,1,-1.40072329450566,NA,NA
"absolute",-42,6,0.160361289555979,0.764093629946971,0.311939918180179
"absolute",-41,1,-0.1673105745183,NA,NA
"absolute",-36,2,0.369407369288417,0.508783069159599,0.359763958355657
"absolute",-35,2,0.479309142839645,0.583186938516791,0.412375438924645
"absolute",-33,2,-0.454156279360861,0.594015174945193,0.420032158331459
"absolute",-31,1,-1.98601414922612,NA,NA
"absolute",-30,2,0.0417426576565961,0.372326459327357,0.263274564205552
"absolute",-29,4,0.254492918882292,0.581974408298424,0.290987204149212
"absolute",-28,5,-0.356513818205921,0.536604774894695,0.239976950743102
"absolute",-26,1,-0.052228482628477,NA,NA
"absolute",-25,2,-0.301958237279828,0.386377124717316,0.273209884982974
"absolute",-23,1,-0.345932737470408,NA,NA
"absolute",-22,1,0.535051119543508,NA,NA
"absolute",-21,2,1.13639544433052,1.59456016521925,1.12752430583647
"absolute",-20,1,-0.777224211127891,NA,NA
"absolute",-15,1,0.234376813539704,NA,NA
"absolute",-14,3,0.612466010917192,0.47349643477619,0.273373294078361
"absolute",0,32,-0.142490780166745,0.98564854280688,0.174239692121346
"dbp",-63,2,-2.26363895331125,0.931183169807816,0.658445933897891
"dbp",-62,1,-0.828337248134669,NA,NA
"dbp",-59,1,0.426331708190773,NA,NA
"dbp",-57,1,-0.503403788186312,NA,NA
"dbp",-56,3,0.674160410379693,0.505617685609451,0.291918506893652
"dbp",-55,3,-0.274741988159205,0.206173715073587,0.119034449897561
"dbp",-54,4,-0.689496692132272,1.32152461196897,0.660762305984483
"dbp",-50,2,-0.383880335905511,0.625134417004122,0.442036785416714
"dbp",-49,3,0.0235306613769539,1.18401373931296,0.683590651116555
"dbp",-43,1,-1.40889786407573,NA,NA
"dbp",-42,6,0.163998845959163,0.759204581301773,0.309943972428782
"dbp",-41,1,-0.166292225552422,NA,NA
"dbp",-36,2,0.391909373935747,0.475508515990587,0.336235296168896
"dbp",-35,2,0.479418680602906,0.567840446778263,0.401523830548909
"dbp",-33,2,-0.467988912481998,0.583281496567669,0.412442301563637
"dbp",-31,1,-2.10658158340398,NA,NA
"dbp",-30,2,0.0455634549024256,0.376862430191723,0.266481979963009
"dbp",-29,4,0.255047773097496,0.579166869541599,0.2895834347708
"dbp",-28,5,-0.336193685362948,0.52872850540252,0.23645457594438
"dbp",-26,1,-0.0535059354585261,NA,NA
"dbp",-25,2,-0.299912101500148,0.383118631926272,0.27090578263398
"dbp",-23,1,-0.356635069598497,NA,NA
"dbp",-22,1,0.552972345636856,NA,NA
"dbp",-21,2,1.15480491553109,1.56071106861447,1.1035893800902
"dbp",-20,1,-0.7657116340828,NA,NA
"dbp",-15,1,0.190856475492075,NA,NA
"dbp",-14,3,0.608256056052306,0.4833068360359,0.279037331886513
"dbp",0,32,-0.148826612457873,0.983225498107498,0.173811354286833
"core_abundance",-63,2,-2.28581032373738,1.08672851193213,0.768433100095977
"core_abundance",-62,1,-0.734404424511041,NA,NA
"core_abundance",-59,1,0.380175885862105,NA,NA
"core_abundance",-57,1,-0.496166094712029,NA,NA
"core_abundance",-56,3,0.748811747103971,0.400193949058916,0.231052084217225
"core_abundance",-55,3,-0.23925976926793,0.197668016157787,0.114123682338878
"core_abundance",-54,4,-0.603271169436587,1.28055549288725,0.640277746443625
"core_abundance",-50,2,-0.274212841081922,0.474545342974462,0.335554229997738
"core_abundance",-49,3,-0.165955560530515,0.879986093212974,0.508060207799638
"core_abundance",-43,1,-1.45279350662053,NA,NA
"core_abundance",-42,6,0.0869019842128808,0.947485772277319,0.386809446771049
"core_abundance",-41,1,-0.13334693777882,NA,NA
"core_abundance",-36,2,0.254174144207604,0.378404306395294,0.267572251082305
"core_abundance",-35,2,0.487247242697067,0.488612583834349,0.345501271402349
"core_abundance",-33,2,-0.651532887095419,0.671941439392707,0.475134348354833
"core_abundance",-31,1,-2.43940850855054,NA,NA
"core_abundance",-30,2,0.01659351473776,0.264471095531512,0.187009305078167
"core_abundance",-29,4,0.248869829693631,0.54180118356587,0.270900591782935
"core_abundance",-28,5,-0.400444154468238,0.702674517511478,0.314245597442506
"core_abundance",-26,1,-0.0221920072802639,NA,NA
"core_abundance",-25,2,-0.268995517906279,0.458791280936228,0.324414425899269
"core_abundance",-23,1,-0.351359037358609,NA,NA
"core_abundance",-22,1,0.566923736929065,NA,NA
"core_abundance",-21,2,1.18487508398503,1.69309680416814,1.19720023143257
"core_abundance",-20,1,-0.70644635817425,NA,NA
"core_abundance",-15,1,0.308875819561054,NA,NA
"core_abundance",-14,3,0.656654848985822,0.494402201097924,0.28544324389183
"core_abundance",0,32,-0.116841942056314,0.935554626984622,0.165384255227819
"gini",-63,2,-1.89407490301794,0.856460403344143,0.605608959022409
"gini",-62,1,-0.389259100136215,NA,NA
"gini",-59,1,0.349018721639135,NA,NA
"gini",-57,1,-0.392816847997002,NA,NA
"gini",-56,3,0.65666269587424,0.585624745899735,0.338110604689318
"gini",-55,3,-0.325512331529308,0.252438496391461,0.145745433845434
"gini",-54,4,-0.49361151008842,0.997540005668246,0.498770002834123
"gini",-50,2,-0.213433510614945,0.277695302656503,0.196360231612064
"gini",-49,3,0.556923222232422,1.22762122359929,0.708767443907949
"gini",-43,1,-0.128802725889473,NA,NA
"gini",-42,6,-0.226591367971239,1.51936983386007,0.620280137255738
"gini",-41,1,-0.158263291208067,NA,NA
"gini",-36,2,0.116013194145488,0.447246990208838,0.316251379641943
"gini",-35,2,0.477297818605445,0.32501794219428,0.229822390932873
"gini",-33,2,-0.524390488053806,1.20381757764076,0.851227572461345
"gini",-31,1,-2.10845124075388,NA,NA
"gini",-30,2,0.0880311037125329,0.345677484806959,0.24443089361051
"gini",-29,4,0.0157966125519296,0.284191321688382,0.142095660844191
"gini",-28,5,-0.667969976070764,1.34821267755102,0.602939039026216
"gini",-26,1,0.000681146483071977,NA,NA
"gini",-25,2,-0.325567665713012,0.575757548827083,0.407122067094975
"gini",-23,1,-0.286137024404228,NA,NA
"gini",-22,1,0.546861782000574,NA,NA
"gini",-21,2,-0.423605303961951,0.338566652198477,0.239402775653171
"gini",-20,1,-0.927762153746807,NA,NA
"gini",-15,1,-0.0149740246468725,NA,NA
"gini",-14,3,0.518117445262776,0.415102491232031,0.239659535054097
"gini",0,32,-0.100020643298342,0.805616276312332,0.142414183003676
"dmn",-63,2,-2.17720310490964,0.846345210522545,0.598456437585248
"dmn",-62,1,-0.840619665214616,NA,NA
"dmn",-59,1,0.42860331998113,NA,NA
"dmn",-57,1,-0.49421427753034,NA,NA
"dmn",-56,3,0.705567192073586,0.4742966538818,0.273835300794396
"dmn",-55,3,-0.278077137543066,0.195639014633727,0.112952237762775
"dmn",-54,4,-0.681544139438293,1.31608612355404,0.65804306177702
"dmn",-50,2,-0.302112643771231,0.523251222490445,0.369994487687145
"dmn",-49,3,-0.0481763086994959,1.13727987786732,0.656608843630643
"dmn",-43,1,-1.49260306242413,NA,NA
"dmn",-42,6,0.158270288327528,0.771130027071566,0.314812515277319
"dmn",-41,1,-0.117729264271067,NA,NA
"dmn",-36,2,0.335937161588244,0.525599070506659,0.371654666940605
"dmn",-35,2,0.475330983616253,0.553095476692441,0.391097562212831
"dmn",-33,2,-0.482369263230085,0.645966782978929,0.456767492665659
"dmn",-31,1,-1.96721339320126,NA,NA
"dmn",-30,2,0.0345508039715213,0.383866441635551,0.271434563950448
"dmn",-29,4,0.267900905733071,0.593776145688042,0.296888072844021
"dmn",-28,5,-0.303929921204019,0.527226538392533,0.235782875877521
"dmn",-26,1,-0.0288506905058032,NA,NA
"dmn",-25,2,-0.352797968571806,0.454326609755775,0.321257426631802
"dmn",-23,1,-0.334403905012306,NA,NA
"dmn",-22,1,0.473456059871027,NA,NA
"dmn",-21,2,1.30160210554967,1.88721036841024,1.33445924902845
"dmn",-20,1,-0.756388449837495,NA,NA
"dmn",-15,1,0.243388060891862,NA,NA
"dmn",-14,3,0.614554269498766,0.431306713075131,0.24901504689722
"dmn",0,32,-0.14732157466857,0.975948734313141,0.172524992030812
"relative",-63,2,-2.27918675232216,0.878251189516969,0.6210173716926
"relative",-62,1,-0.823352266447328,NA,NA
"relative",-59,1,0.443189450022085,NA,NA
"relative",-57,1,-0.487045838665789,NA,NA
"relative",-56,3,0.660601077061139,0.48380500327493,0.279324948876068
"relative",-55,3,-0.301441410465584,0.240161747092692,0.138657449333017
"relative",-54,4,-0.683268301514517,1.32682983187838,0.663414915939191
"relative",-50,2,-0.411713350322895,0.666650468203876,0.471393066748147
"relative",-49,3,-0.0429179466858674,1.06949200946576,0.617471499561208
"relative",-43,1,-1.4201211922712,NA,NA
"relative",-42,6,0.161687328936425,0.768086424106831,0.313569969570116
"relative",-41,1,-0.164196334984087,NA,NA
"relative",-36,2,0.358792861489337,0.496268911646626,0.350915112717397
"relative",-35,2,0.49623336374845,0.585177515894876,0.413782989687165
"relative",-33,2,-0.497095502563796,0.536348302543835,0.37925552180664
"relative",-31,1,-2.0942455089358,NA,NA
"relative",-30,2,0.0439330652993514,0.378376754307395,0.267552768814115
"relative",-29,4,0.251583697501299,0.58416363542491,0.292081817712455
"relative",-28,5,-0.361449244514918,0.546018682215439,0.244186978083715
"relative",-26,1,-0.0518875813471343,NA,NA
"relative",-25,2,-0.329840760960427,0.429369557871988,0.303610126006352
"relative",-23,1,-0.346094058129403,NA,NA
"relative",-22,1,0.559846467038425,NA,NA
"relative",-21,2,1.16239716176231,1.63362920112504,1.15515028605988
"relative",-20,1,-0.868864700460379,NA,NA
"relative",-15,1,0.192575858593271,NA,NA
"relative",-14,3,0.616434880620279,0.470763023119253,0.271795158122423
"relative",0,32,-0.148282338623429,0.984778457453753,0.174085881307994
"simpson_lambda",-63,2,-2.59469765478329,0.83639797433871,0.591422679425594
"simpson_lambda",-62,1,-0.632828981541445,NA,NA
"simpson_lambda",-59,1,0.474989978346906,NA,NA
"simpson_lambda",-57,1,-0.615340058530349,NA,NA
"simpson_lambda",-56,3,0.618749938669079,0.599683139729643,0.346227222151389
"simpson_lambda",-55,3,-0.292987656443555,0.313028290545126,0.180726967810197
"simpson_lambda",-54,4,-0.891713216969845,1.69692840177531,0.848464200887653
"simpson_lambda",-50,2,-0.436412184121208,0.713285717233909,0.504369167579608
"simpson_lambda",-49,3,0.140288588837718,1.3671708801511,0.789336475683458
"simpson_lambda",-43,1,-1.11390736827376,NA,NA
"simpson_lambda",-42,6,0.0993810692217446,0.790808737333384,0.32284631510024
"simpson_lambda",-41,1,-0.352888192102028,NA,NA
"simpson_lambda",-36,2,0.213822764436452,0.543994096155933,0.384661914317307
"simpson_lambda",-35,2,0.52886744687722,0.806873271747377,0.570545562010746
"simpson_lambda",-33,2,-0.134153335541567,0.726762259493448,0.513898521998274
"simpson_lambda",-31,1,-2.19438431812556,NA,NA
"simpson_lambda",-30,2,0.0360648413295787,0.332824572003811,0.235342511809405
"simpson_lambda",-29,4,0.15336343074207,0.50480878400829,0.252404392004145
"simpson_lambda",-28,5,-0.305579084947484,0.650720182967891,0.291010912689461
"simpson_lambda",-26,1,-0.0517409540414638,NA,NA
"simpson_lambda",-25,2,-0.115566623864244,0.217512144425279,0.153804312313543
"simpson_lambda",-23,1,-0.380488580905443,NA,NA
"simpson_lambda",-22,1,0.408580272976585,NA,NA
"simpson_lambda",-21,2,1.24091070082358,1.97716751009252,1.39806855392814
"simpson_lambda",-20,1,-0.978144890163668,NA,NA
"simpson_lambda",-15,1,0.116119067689627,NA,NA
"simpson_lambda",-14,3,0.605544159043309,0.578669088583934,0.33409475406565
"simpson_lambda",0,32,-0.171231302123683,1.16724211624386,0.206341203920642
