"Date","ace","chao1","hill","observed","coverage","fisher","gini_simpson","inverse_simpson","shannon","log_modulo_skewness","camargo","pielou","simpson_evenness","evar","bulla","absolute","dbp","core_abundance","gini","dmn","relative","simpson_lambda"
2014-10-14,919.078494197106,785.8,4.49333964185047,309,29,82.5130777419391,0.345240175690006,1.55452109450785,1.47736975594469,2.06140771793971,0.991267866574239,0.259371994940038,0.00512960112066783,0.639559137057995,0.156105648515516,2667,0.805109922756982,0.920974450386215,0.991605523589511,0.811942959001783,0.803030303030303,0.648995635993641
2014-11-14,1581.6870371429,1491.05607476636,22.5843199979987,637,337,248.327876068607,0.657677576152986,2.98965990573429,3.06643845758492,2.061416030358,0.933262499516838,0.483796044425487,0.00453885183242266,0.716290014771635,0.316081608160816,1985,0.580510992275698,0.775401069518717,0.960020278992033,0.617349970291147,0.583778966131907,0.338069980148204
2014-12-17,1428.76320942573,1435.59813084112,23.6518941747706,621,325,223.763456886381,0.668660143075576,2.97869527907826,3.20489900791768,2.0614172166825,0.952279911766648,0.493071969778837,0.00491644381464191,0.695101269614855,0.338999832887701,1942,0.593879976232917,0.76678550207962,0.95706108559186,0.601901366607249,0.576648841354724,0.332347274782004
2015-01-07,1575.82406590538,1502.11764705882,12.817533291806,597,238,194.777847769373,0.55962423861134,2.35859138463382,2.61882177364682,2.06141510844013,0.953832538997111,0.41204773461903,0.00383881827874576,0.72763259965996,0.280829393681056,2216,0.642899584076055,0.817587641117053,0.965402298794579,0.69399881164587,0.641414141414141,0.437421292721703
2015-01-22,1299.26069418891,1171.78571428571,29.4683903675856,630,294,228.686891461178,0.72528878311619,3.64018627030783,3.38331817590215,2.06141627353264,0.929314621471484,0.52489376992881,0.00577807344493306,0.66629726597639,0.349055881927854,1750,0.519904931669638,0.743612596553773,0.95933272892583,0.579322638146168,0.519904931669638,0.27471121688381
2015-03-04,1153.5869387874,1020.66666666667,193.661992436671,677,357,256.407847667743,0.979239460418028,47.5804671554915,5.3063101255452,2.06138898551486,0.882831657825063,0.807956718351627,0.0630697087203533,0.515187663293563,0.475345136721711,365,0.110814022578728,0.523767082590612,0.940523509129534,0.185977421271539,0.111111111111111,0.0216927585596979
2015-04-02,1507.74131119855,1305.20720720721,418.230510814794,977,654,449.228129987221,0.988028020585428,79.0634882974415,6.00256462735938,2.06141620527466,0.767350909103023,0.87127372096498,0.0859705528846149,0.618670539442657,0.57898228723076,295,0.0816993464052288,0.402554961378491,0.876802362807837,0.133986928104575,0.0819964349376114,0.0120542392221118
2015-05-05,718.563186582809,884.872727272727,3.03854129385543,300,13,79.9872865833661,0.2564622492797,1.3777900356573,1.13754612027667,2.06140556295669,0.986752872695046,0.189654854506683,0.00469535253750922,0.703926595132904,0.122615039281706,2882,0.865121806298277,0.927213309566251,0.992019612552383,0.863636363636364,0.85650623885918,0.72285964746906
2015-05-28,850.94482579116,712.647058823529,40.8873123843376,539,243,165.730751091142,0.855812855760429,6.71633254807862,3.77525390046821,2.06140485298122,0.902462017480092,0.60035380201953,0.0130235590799546,0.600453281426168,0.374023710494299,1155,0.336898395721925,0.706476530005942,0.964949723916334,0.497920380273321,0.344325609031491,0.153304037544364
2015-06-23,680.465431662701,883.833333333333,1.90536819411315,179,1,43.8774825599986,0.143988379125216,1.16451243021635,0.596847077673322,2.06138246809752,0.998836930000885,0.122887486111691,0.0059940704499115,0.674172694856636,0.0748961849849132,3122,0.926916221033868,0.965537730243613,0.9965968382765,0.93048128342246,0.920083184789067,0.854907115261522
2015-07-21,757.644731812402,835.794520547945,3.9634721881754,339,56,95.5471434898842,0.30220576319979,1.45029228687277,1.35668172651917,2.06139684863268,0.9831719941038,0.227762736611495,0.0044438652623449,0.734850624184096,0.150403018350197,2798,0.829768270944741,0.896019013666073,0.989018360704616,0.849376114081996,0.833333333333333,0.701381717634205
2015-08-19,926.412830595535,621.866666666667,5.88384301025491,377,80,104.480424044116,0.425943578245145,1.72277690210971,1.77628626595589,2.0613675396277,0.978472883549435,0.304695118898552,0.00488636442824948,0.689598500233092,0.196120987297458,2553,0.759655377302436,0.831550802139037,0.987497436302156,0.779560308972074,0.759358288770054,0.562477912535579
2015-09-18,1367.18829014848,1284,21.0177783359781,663,330,249.474257699178,0.642198963526423,2.74216085050396,3.02590261090099,2.06141707672586,0.940151021499875,0.464950470054867,0.00411820367808702,0.744247566773053,0.338488319060364,2031,0.600118835412953,0.740344622697564,0.95771843152194,0.640819964349376,0.598336304218657,0.364928513402878
2015-10-13,809.555930971844,749.05,121.803284380731,528,246,162.89244068019,0.970346751567261,32.5762540325131,4.83308023141133,2.06122415539796,0.918064491421569,0.774821048427554,0.0623578635591216,0.458502042846357,0.417184624388854,481,0.133689839572193,0.511586452762923,0.960762716144288,0.190136660724896,0.129827688651218,0.0279118471422131
2015-11-11,1263.48950156649,1163.51111111111,10.6379674010632,500,179,164.308960252559,0.510399863865313,2.07662615305435,2.27694249870841,2.06141206531891,0.967264592841018,0.367633308586669,0.00428233244267577,0.713925958306275,0.256657852461086,2345,0.684491978609626,0.848484848484849,0.975209711701524,0.736779560308972,0.696078431372549,0.472388771854014
2015-11-25,1208.33354825276,1067.75572519084,54.4352837600805,616,269,217.278606247195,0.844626051504526,6.7549258088057,4.0573490683023,2.06141635882885,0.922065834818776,0.61864506164683,0.0105851534411865,0.590503821679389,0.393594977423146,1254,0.379679144385027,0.690433749257279,0.954193641314845,0.471182412358883,0.364527629233512,0.160845461359248
2015-12-23,1089.80969069346,890.347826086957,9.0753124215339,463,145,154.042990930926,0.496488777185017,2.074003211514,2.23965377430804,2.06141032553815,0.976694626427247,0.36128459438976,0.00432647465983191,0.679836124999561,0.232365950935732,2351,0.703505644682115,0.842543077837196,0.979439914635968,0.715092097445039,0.706476530005942,0.498473427434318
2016-01-14,1447.85136885247,1273.80405405405,70.0478470632557,733,393,296.27574150094,0.850765704650576,7.16038050649943,4.2627392494026,2.06141784765796,0.910577572664599,0.636398605183163,0.00861764581017508,0.651639598462945,0.429123903019485,1317,0.390671420083185,0.648247177658942,0.940097241079513,0.449792038027332,0.364527629233512,0.150007113884642
2016-02-03,960.51538498414,815.30303030303,2.47689712901399,194,3,63.3970407809222,0.189528538327954,1.22986572810071,0.852363489740034,2.06140145232682,0.993465311137295,0.151011860818823,0.00551252726686355,0.73560930159988,0.0974866065643117,3006,0.891859774212715,0.94058229352347,0.994444387608704,0.899584076054664,0.905525846702317,0.816923913914579
2016-03-09,1101.24086014302,1047.3185840708,23.0876026360573,559,236,196.822939274143,0.669996423640126,3.0530636925992,3.13811490281891,2.06140067908999,0.94862734581631,0.490462808992369,0.00531750664496137,0.636636424991956,0.333930648657244,1936,0.568627450980392,0.764111705288176,0.964600590084892,0.59982174688057,0.571004159239453,0.32290875622112
2016-04-06,924.818614130435,668.12,3.07881533477756,294,14,71.8786313001556,0.27412727816419,1.34292483289826,1.0955537902464,2.06140593235572,0.991934887162412,0.199541189488795,0.00507026243019492,0.700238946111266,0.127832641572444,2896,0.865121806298277,0.924242424242424,0.993816596263423,0.876411170528818,0.854723707664884,0.719314708724373
2016-04-20,2242.80902049897,1830.90706319703,157.869521261495,1121,749,555.821698533192,0.911476443509577,11.2007442147388,5.04919406413393,2.06142084712095,0.822147267927079,0.712595642948018,0.0104339013191854,0.752354047375667,0.529266546057591,1004,0.303921568627451,0.532976827094474,0.877168709749128,0.363042186571598,0.294711824123589,0.0881191418572148
2016-05-18,885.687677282225,855.022222222222,3.19507543230026,288,27,86.5367186782846,0.269698487796425,1.38271335545196,1.22816356325476,2.06140478733179,0.989275508183071,0.20818827805635,0.00442621337502727,0.698186681185738,0.139548216947598,2865,0.852941176470588,0.929292929292929,0.992385147554513,0.855020796197267,0.851455733808675,0.723705193559442
2016-06-01,1543.7494736247,1491.64,43.1927955103693,741,403,289.423465490315,0.777619436474424,4.19334465873891,3.7255874886658,2.06141813863453,0.916396133533827,0.57362101656143,0.00601890911656312,0.694025120622681,0.386886610391715,1638,0.457516339869281,0.726381461675579,0.94425371993978,0.526737967914438,0.483363042186572,0.237794215617429
2016-06-29,620.403015658399,581.246575342466,51.3066707288735,424,168,130.886022028932,0.870435683951465,7.50701076693726,3.96762817711282,2.0613470241901,0.932209051753644,0.653945203427155,0.0177783415819668,0.471583993908797,0.384304943196398,1206,0.356803327391563,0.661319073083779,0.972339019667928,0.384729649435532,0.351455733808675,0.127380371115298
2016-07-20,383.526116071429,361.25,1.27751550828044,61,1,11.2128404713694,0.052737009746552,1.03912747438032,0.185021010538355,2.06106037391106,1,0.0512815406008763,0.0138736763579705,0.490359121872872,0.0262056842939196,3286,0.978609625668449,0.982471776589424,0.999361978221519,0.979203802733215,0.977124183006536,0.946100938079547
2016-08-18,783.602962551995,776.203389830509,12.7086863009018,462,173,150.835438691655,0.556200924346042,2.33791963550597,2.41996338660981,2.06141015747223,0.951503070736656,0.396546828113701,0.00485241974023752,0.676374489107213,0.271013650470466,2222,0.65805109922757,0.808972073677956,0.977063693540387,0.706773618538324,0.669934640522876,0.439669845143266
2016-09-12,1089.95355821682,1043.95789473684,7.20429228116275,472,144,147.656125786664,0.442208601692721,1.79720472509642,1.96301274423815,2.06141111848429,0.971617099790474,0.320237939515336,0.00383502370439053,0.756537269165443,0.215102146951419,2507,0.74777183600713,0.8407605466429,0.97949106680197,0.780748663101604,0.746286393345217,0.559126090163099
2016-10-12,1233.21913965668,1160.24657534247,152.691480795121,709,376,277.17972235051,0.961334889561795,25.2028828828828,5.03526241533528,2.0614123371892,0.863660810251999,0.760713823450904,0.0354458228984659,0.562190758488109,0.455555891248813,565,0.166072489601901,0.593285799168152,0.937293777606939,0.252822341057635,0.174390968508616,0.0407170160237163
2016-11-17,904.990692938133,935,15.4241290909571,464,159,143.163104704767,0.616862236711245,2.61166248983452,2.68689964379162,2.06141015747223,0.961934797228915,0.439271648392078,0.00578981907473837,0.616077846522755,0.283594008802234,2050,0.611408199643494,0.800653594771242,0.978808225982796,0.650920974450386,0.612002376708259,0.376789812775973
2016-12-22,798.710612275496,784.10989010989,84.7906816018723,532,263,176.807254128539,0.910679617820228,10.902134440294,4.39988383396273,2.06139957834958,0.913057883802565,0.710077271974112,0.021723788756981,0.521835654853362,0.443900332299025,950,0.289958407605466,0.606060606060606,0.955256632040701,0.344028520499109,0.293523469994058,0.0938252540433521
2017-02-09,1152.40252163258,978.96875,14.3245515788472,578,246,192.742496500348,0.572828173383902,2.23248253021449,2.67388258108023,2.06141402501316,0.953325040502357,0.404240395379841,0.00406135714001304,0.718521282554801,0.295206433473697,2239,0.661616161616162,0.788175876411171,0.969938278010233,0.683600713012478,0.657456922162804,0.436586514546042
