"Date","functionality"
2014-10-14,94.75
2014-11-14,9.37500000000001
2014-12-17,17.6470588235294
2015-01-07,89.1304347826087
2015-01-22,90.6666666666667
2015-03-04,92.5714285714286
2015-04-02,59.5744680851064
2015-05-05,83.7037037037037
2015-05-28,63.1578947368421
2015-06-23,73.030303030303
2015-07-21,73.3333333333333
2015-08-19,61.7647058823529
2015-09-18,82.8571428571429
2015-10-13,63.9676113360324
2015-11-11,60.8333333333333
2015-11-25,93.3636363636364
2015-12-23,97.6122448979592
2016-01-14,100.591715976331
2016-02-03,100
2016-03-09,90.3448275862069
2016-04-06,37.1161048689139
2016-04-20,78.6842105263158
2016-05-18,98.4647302904564
2016-06-01,100
2016-06-29,71.4583333333333
2016-07-20,0
2016-08-18,69.6428571428571
2016-09-12,26.1904761904762
2016-10-12,62.6315789473684
2016-11-17,59.2857142857143
2016-12-22,85.7272727272727
2017-02-09,100
